episode,training_seed,environment_seed,total_reward,steps,epsilon,average_loss,replay_memory_size,total_environment_steps,terminated,truncated,solved,elapsed_seconds
1,0,0,-189.96273012656917,66,1.0,,66,66,True,False,False,0.00831149984151125
2,0,1,-230.3999804469702,113,0.98,,179,179,True,False,False,0.022861700039356947
3,0,2,-252.6906232406614,91,0.9603999999999999,,270,270,True,False,False,0.0341735000256449
4,0,3,-114.41204038157429,90,0.9411919999999999,,360,360,True,False,False,0.044941999949514866
5,0,4,-343.490004546666,122,0.9223681599999999,,482,482,True,False,False,0.05951169994659722
6,0,5,-88.5704142202097,121,0.9039207967999999,,603,603,True,False,False,0.07623389991931617
7,0,6,-352.2607984962075,90,0.8858423808639999,,693,693,True,False,False,0.08714109985157847
8,0,7,-114.95296473371712,88,0.8681255332467199,,781,781,True,False,False,0.09804479987360537
9,0,8,-143.74972201455893,68,0.8507630225817855,,849,849,True,False,False,0.10643839999102056
10,0,9,-107.15752091686812,106,0.8337477621301498,,955,955,True,False,False,0.1195121998898685
11,0,10,-92.87325396351659,110,0.8170728068875467,2.407192695321459,1065,1065,True,False,False,0.2897117999382317
12,0,11,-67.70926972929328,107,0.8007313507497958,2.0899960186993964,1172,1172,True,False,False,0.5027345998678356
13,0,12,-202.84878718631123,82,0.7847167237347998,1.8842250072374576,1254,1254,True,False,False,0.6420300998724997
14,0,13,-80.01648721947195,90,0.7690223892601038,1.86721979909473,1344,1344,True,False,False,0.8486543998587877
15,0,14,-9.992447337396996,167,0.7536419414749017,1.6222282862234971,1511,1511,True,False,False,1.2749230000190437
16,0,15,-111.44101378445941,185,0.7385691026454038,1.598040459446005,1696,1696,True,False,False,1.7811540998518467
17,0,16,-151.62056142251794,125,0.7237977205924956,1.5912239065170288,1821,1821,True,False,False,2.131603099871427
18,0,17,-47.66151212162078,149,0.7093217661806457,1.4055628456525355,1970,1970,True,False,False,2.58271549991332
19,0,18,-85.77087026323125,161,0.6951353308570327,1.31740900096686,2131,2131,True,False,False,3.097613399848342
20,0,19,-123.62335822614628,149,0.6812326242398921,1.3335090389587736,2280,2280,True,False,False,3.5985739999450743
21,0,20,45.87375176679336,1000,0.6676079717550942,1.5048677325248718,3280,3280,False,True,False,6.356318299891427
22,0,21,-18.288207160622278,74,0.6542558123199923,1.4887521130007666,3354,3354,True,False,False,6.554054399952292
23,0,22,-66.03111637067559,99,0.6411706960735924,1.7129131946900877,3453,3453,True,False,False,6.789194599958137
24,0,23,15.410589559572173,133,0.6283472821521207,1.4961463602861964,3586,3586,True,False,False,7.114734299946576
25,0,24,-37.866661747469166,68,0.6157803365090783,1.602088411064709,3654,3654,True,False,False,7.293968299869448
26,0,25,-89.52807256046768,144,0.6034647297788966,1.6810177266597748,3798,3798,True,False,False,7.732394899940118
27,0,26,-31.984472725955953,130,0.5913954351833187,1.7500957227670229,3928,3928,True,False,False,8.064259100006893
28,0,27,18.641160194879575,245,0.5795675264796523,1.7113245819296157,4173,4173,True,False,False,8.708286999957636
29,0,28,-40.50795082575918,65,0.5679761759500592,1.5369895669130178,4238,4238,True,False,False,8.866308599943295
30,0,29,-132.20353636523043,125,0.5566166524310581,1.71474245595932,4363,4363,True,False,False,9.233152600005269
31,0,30,10.874135070200367,158,0.5454843193824369,1.5563710054642037,4521,4521,True,False,False,9.733996900031343
32,0,31,-38.21509972823165,98,0.5345746329947881,1.6204688473015416,4619,4619,True,False,False,9.962449899874628
33,0,32,-29.901894108705605,345,0.5238831403348924,1.5291530630726746,4964,4964,True,False,False,10.900415699928999
34,0,33,-54.59795624412281,152,0.5134054775281945,1.4622134225148904,5116,5116,True,False,False,11.282625099876896
35,0,34,-30.08897117300444,153,0.5031373679776306,1.379218024755615,5269,5269,True,False,False,11.749284900026396
36,0,35,35.03479943032778,174,0.493074620618078,1.3391916356210052,5443,5443,True,False,False,12.261944700032473
37,0,36,-40.386782098707386,192,0.48321312820571644,1.3534035372237365,5635,5635,True,False,False,12.827553399838507
38,0,37,-12.046299263819577,142,0.4735488656416021,1.2848126462227862,5777,5777,True,False,False,13.167410399997607
39,0,38,-29.16163350102127,375,0.46407788832877,1.2699974970022838,6152,6152,True,False,False,14.202517800033092
40,0,39,-61.244660061858816,132,0.45479633056219465,1.1774258694865487,6284,6284,True,False,False,14.523413799935952
41,0,40,110.32449967619063,1000,0.44570040395095073,1.2078189166784286,7284,7284,False,True,False,16.85928920004517
42,0,41,94.85948879899232,1000,0.4367863958719317,1.087189035654068,8284,8284,False,True,False,19.066848800051957
43,0,42,101.16908862662379,1000,0.42805066795449304,0.9983511263728142,9284,9284,False,True,False,21.376057399902493
44,0,43,1.6736862276502318,1000,0.4194896545954032,0.9907335555255413,10284,10284,False,True,False,23.722554499981925
45,0,44,-76.79686380185069,110,0.41109986150349515,0.9824156482111324,10394,10394,True,False,False,23.97786460001953
46,0,45,0.3573114692180326,169,0.4028778642734252,0.9775125883387391,10563,10563,True,False,False,24.403104200027883
47,0,46,25.210781127369174,78,0.39482030698795667,0.9451165474378146,10641,10641,True,False,False,24.62517090002075
48,0,47,-17.705862129587743,225,0.38692390084819756,0.9972497730784946,10866,10866,True,False,False,25.182844700058922
49,0,48,-204.3887048870664,675,0.3791854228312336,0.9890738280172702,11541,11541,True,False,False,26.538070800015703
50,0,49,-64.77251881248927,1000,0.3716017143746089,0.9621036515533924,12541,12541,False,True,False,28.720696500036865
51,0,50,130.53812655413358,1000,0.36416968008711675,0.9704814309477806,13541,13541,False,True,False,30.993077300023288
52,0,51,-112.95847177897919,177,0.3568862864853744,0.9748026977824626,13718,13718,True,False,False,31.44595089997165
53,0,52,-67.95480175325739,478,0.3497485607556669,0.9420258380379138,14196,14196,True,False,False,32.73089260002598
54,0,53,-3.1234029977526774,151,0.34275358954055357,1.0428357021698098,14347,14347,True,False,False,33.10478499997407
55,0,54,-119.13194929525403,142,0.3358985177497425,0.9456386893567904,14489,14489,True,False,False,33.39445769996382
56,0,55,-90.17049125126688,130,0.3291805473947476,1.0023860527918889,14619,14619,True,False,False,33.6183589999564
57,0,56,48.159154956681846,170,0.32259693644685267,0.9660663760760251,14789,14789,True,False,False,33.9092083000578
58,0,57,67.63709154263992,1000,0.3161449977179156,1.037193314641714,15789,15789,False,True,False,35.9894956999924
59,0,58,-4.819772145308036,107,0.3098220977635573,1.0173582183980496,15896,15896,True,False,False,36.195408900035545
60,0,59,8.87948531946087,121,0.30362565580828615,1.0396822890466895,16017,16017,True,False,False,36.49137069983408
61,0,60,77.37456083332302,1000,0.2975531426921204,0.9972881694436073,17017,17017,False,True,False,38.75370939983986
62,0,61,-0.6743184449294857,1000,0.291602079838278,1.0237758058607578,18017,18017,False,True,False,41.353835499845445
63,0,62,-31.603945605984705,356,0.2857700382415124,1.0063419798284434,18373,18373,True,False,False,42.34427580004558
64,0,63,149.93574236525274,712,0.2800546374766822,1.0336158227887047,19085,19085,True,False,False,43.89170759986155
65,0,64,87.46711945438658,1000,0.2744535447271485,1.0714044279754162,20085,20085,False,True,False,46.42183530004695
66,0,65,-19.56261074425317,1000,0.2689644738326056,1.08841449290514,21085,21085,False,True,False,48.832981599960476
67,0,66,-69.06896291593674,1000,0.26358518435595346,1.0755784832835198,22085,22085,False,True,False,51.3133185999468
68,0,67,93.93886984748531,1000,0.25831348066883436,1.073060225367546,23085,23085,False,True,False,53.7430078999605
69,0,68,112.19562147350547,1000,0.2531472110554577,1.076834944307804,24085,24085,False,True,False,56.039799500023946
70,0,69,106.15257027113529,1000,0.2480842668343485,1.0787822623848915,25085,25085,False,True,False,58.578936300007626
71,0,70,26.80743742295685,1000,0.24312258149766153,1.0623439700007438,26085,26085,False,True,False,61.05153339984827
72,0,71,45.621581707056016,1000,0.2382601298677083,1.058449964106083,27085,27085,False,True,False,63.38659509993158
73,0,72,70.44308933535561,1000,0.23349492727035415,1.0681433070898056,28085,28085,False,True,False,65.55603519990109
74,0,73,53.74300597409238,1000,0.22882502872494703,1.0586807892620564,29085,29085,False,True,False,68.32576699997298
75,0,74,88.22447750820832,1000,0.2242485281504481,1.0665138174295425,30085,30085,False,True,False,70.78874560003169
76,0,75,127.06649232717342,1000,0.21976355758743912,1.047232850164175,31085,31085,False,True,False,73.12243740004487
77,0,76,27.13733269520722,1000,0.21536828643569034,1.036964666992426,32085,32085,False,True,False,75.9202082999982
78,0,77,37.74525148954773,1000,0.21106092070697655,1.010304997473955,33085,33085,False,True,False,78.57092619989999
79,0,78,168.69577080142741,891,0.206839702292837,0.9969935587426495,33976,33976,True,False,False,80.81322579993866
80,0,79,71.4138174490978,1000,0.20270290824698026,1.0092748848497868,34976,34976,False,True,False,83.58544020005502
81,0,80,86.73360351632952,1000,0.19864885008204064,1.0143470531404017,35976,35976,False,True,False,86.03676209994592
82,0,81,208.27344880002954,931,0.19467587308039982,0.9953938831768282,36907,36907,True,False,True,88.43967120000161
83,0,82,-2.691064126783772,308,0.19078235561879184,0.9983530501266579,37215,37215,True,False,False,89.12044709990732
84,0,83,106.47020347935339,1000,0.186966708506416,1.0226195939481257,38215,38215,False,True,False,91.82000619987957
85,0,84,19.762006902134544,1000,0.18322737433628766,1.0001339973062278,39215,39215,False,True,False,94.17383749992587
86,0,85,256.6091654318396,729,0.1795628268495619,0.9805309979758635,39944,39944,True,False,True,95.9781484999694
87,0,86,19.170923490960348,1000,0.17597157031257069,0.9939954654723406,40944,40944,False,True,False,98.51179799996316
88,0,87,190.36466058097386,917,0.17245213890631925,0.9658191459519523,41861,41861,True,False,False,100.76720889983699
89,0,88,241.32395834627698,311,0.16900309612819286,0.9779990469719436,42172,42172,True,False,True,101.49411510000937
90,0,89,139.3503464816492,1000,0.16562303420562902,0.9577135393768549,43172,43172,False,True,False,103.95462319999933
91,0,90,103.62930071898992,1000,0.16231057352151643,0.958859976902604,44172,44172,False,True,False,106.76209550001658
92,0,91,139.07006049539757,1000,0.1590643620510861,0.9248333968371153,45172,45172,False,True,False,108.90776229999028
93,0,92,211.37037638554608,385,0.15588307481006436,0.949281568109215,45557,45557,True,False,True,109.64492069999687
94,0,93,213.86529032387952,612,0.1527654133138631,0.9296107393707714,46169,46169,True,False,True,111.09620469994843
95,0,94,128.72826134133234,1000,0.1497101050475858,0.9140119020491838,47169,47169,False,True,False,113.76187529996969
96,0,95,248.10498466746395,699,0.14671590294663409,0.921887625866864,47868,47868,True,False,True,115.47208119998686
97,0,96,229.93107113228973,542,0.1437815848877014,0.9411232775262801,48410,48410,True,False,True,116.96098780003376
98,0,97,245.94815557956602,364,0.1409059531899474,0.8975966310353725,48774,48774,True,False,True,117.84331699996255
99,0,98,228.20288324892763,430,0.13808783412614842,0.9536332113451735,49204,49204,True,False,True,118.953148300061
100,0,99,228.88456897358577,527,0.13532607744362546,0.9270846777554934,49731,49731,True,False,True,120.35005060001276
101,0,100,209.55058673751847,790,0.13261955589475294,0.9060461048649836,50000,50521,True,False,True,122.45648519997485
102,0,101,232.9248579533872,435,0.12996716477685788,0.9061574548482895,50000,50956,True,False,True,123.67350629996508
103,0,102,226.35717548223266,572,0.12736782148132073,0.8863674677856319,50000,51528,True,False,True,125.15563399996608
104,0,103,235.5084440600103,491,0.12482046505169431,0.8811911114789318,50000,52019,True,False,True,126.49497230001725
105,0,104,258.8065308167421,329,0.12232405575066042,0.8902725931087163,50000,52348,True,False,True,127.40545849991031
106,0,105,234.4293729284117,470,0.11987757463564722,0.8813185320255604,50000,52818,True,False,True,128.41708849999122
107,0,106,167.8826155486848,1000,0.11748002314293426,0.8550418122708797,50000,53818,False,True,False,130.79540219996125
108,0,107,272.33696842985773,440,0.11513042268007558,0.8908534515987743,50000,54258,True,False,True,131.89106369996443
109,0,108,241.7057179263709,377,0.11282781422647406,0.8715602610882777,50000,54635,True,False,True,133.03148079989478
110,0,109,241.97571921360685,387,0.11057125794194458,0.8093833443576359,50000,55022,True,False,True,134.10872339992784
111,0,110,263.15236455387196,394,0.10835983278310568,0.8214328298108832,50000,55416,True,False,True,135.11852929997258
112,0,111,246.7048915342698,708,0.10619263612744358,0.8288918598265634,50000,56124,True,False,True,136.9295598999597
113,0,112,283.1394227736081,396,0.1040687834048947,0.8332702141970095,50000,56520,True,False,True,138.09471990005113
114,0,113,236.4525712779812,604,0.1019874077367968,0.7988424165704787,50000,57124,True,False,True,139.62639539991505
115,0,114,241.14997101216048,330,0.09994765958206087,0.8007882260011904,50000,57454,True,False,True,140.39608169998974
116,0,115,216.4439299523744,685,0.09794870639041964,0.7752090322710302,50000,58139,True,False,True,142.18310789996758
117,0,116,270.07076507817,536,0.09598973226261125,0.7939198515169433,50000,58675,True,False,True,143.54749779985286
118,0,117,287.4531877777951,328,0.09406993761735902,0.7623227646165505,50000,59003,True,False,True,144.24835340003483
119,0,118,222.56511585267268,587,0.09218853886501184,0.7726230655988802,50000,59590,True,False,True,145.58299389993772
120,0,119,256.26138434863424,351,0.09034476808771161,0.7579608793526973,50000,59941,True,False,True,146.6310586000327
121,0,120,232.57532126481888,388,0.08853787272595737,0.8038848617027715,50000,60329,True,False,True,147.748475600034
122,0,121,262.28220515573014,471,0.08676711527143822,0.7117763108824975,50000,60800,True,False,True,149.08680339995772
123,0,122,242.63906782814024,374,0.08503177296600946,0.7617140686448245,50000,61174,True,False,True,150.0899906998966
124,0,123,253.16540210438833,480,0.08333113750668926,0.7490612844160448,50000,61654,True,False,True,151.41171310003847
125,0,124,294.56688990783505,354,0.08166451475655548,0.713090156557533,50000,62008,True,False,True,152.35401359992102
126,0,125,249.1525748112989,358,0.08003122446142437,0.7206394936702105,50000,62366,True,False,True,153.36538899992593
127,0,126,270.3014595931942,306,0.07843059997219588,0.7482342644065034,50000,62672,True,False,True,154.2564107000362
128,0,127,246.04248959825395,828,0.07686198797275196,0.7148477288439942,50000,63500,True,False,True,156.34905599988997
129,0,128,241.2118433647158,403,0.07532474821329692,0.7083995118552343,50000,63903,True,False,True,157.36764259985648
130,0,129,284.1867321703382,336,0.07381825324903098,0.7224839382051003,50000,64239,True,False,True,158.1134566999972
131,0,130,248.91981508366635,380,0.07234188818405035,0.7132843989682826,50000,64619,True,False,True,159.11001489986666
132,0,131,249.69414168397634,352,0.07089505042036935,0.7141183553983204,50000,64971,True,False,True,159.81313609983772
133,0,132,278.4641297007001,348,0.06947714941196197,0.690214781026388,50000,65319,True,False,True,160.7562468999531
134,0,133,250.45554875287837,334,0.06808760642372272,0.7246332898245244,50000,65653,True,False,True,161.6271126999054
135,0,134,285.8867302558099,285,0.06672585429524826,0.6755876035282486,50000,65938,True,False,True,162.19663170003332
136,0,135,261.3657224113557,486,0.0653913372093433,0.6927730008929109,50000,66424,True,False,True,163.49028539983556
137,0,136,260.07452938169513,312,0.06408351046515644,0.6784565312167009,50000,66736,True,False,True,164.35414920002222
138,0,137,211.17272930999434,385,0.0628018402558533,0.6912545253123555,50000,67121,True,False,True,165.39701489987783
139,0,138,257.4922581238154,353,0.061545803450736236,0.7137531717505738,50000,67474,True,False,True,166.522129900055
140,0,139,279.67178137023075,340,0.060314887381721506,0.7297517767943004,50000,67814,True,False,True,167.51575169991702
141,0,140,270.8444065913649,322,0.05910858963408708,0.7107989108710555,50000,68136,True,False,True,168.37661579996347
142,0,141,249.13581918643294,398,0.057926417841405335,0.7300737088349596,50000,68534,True,False,True,169.3479146999307
143,0,142,226.43035075050284,505,0.05676788948457723,0.7276929109403403,50000,69039,True,False,True,170.81986419996247
144,0,143,231.9481157217817,423,0.05563253169488568,0.7024289285918218,50000,69462,True,False,True,172.12525619985536
145,0,144,252.15677187931004,528,0.054519881060987964,0.7006976894300544,50000,69990,True,False,True,173.61257399991155
146,0,145,220.00740573867824,460,0.05342948343976821,0.710905972511872,50000,70450,True,False,True,174.95284599997103
147,0,146,237.239400875068,517,0.05236089377097284,0.7077909611900494,50000,70967,True,False,True,176.56690580002032
148,0,147,300.1714501997263,311,0.051313675895553384,0.7008001028389409,50000,71278,True,False,True,177.3731086999178
149,0,148,224.21223453879833,504,0.050287402377642315,0.7127786634992512,50000,71782,True,False,True,178.89273199997842
150,0,149,227.04883332261954,497,0.05,0.7151887508135446,50000,72279,True,False,True,180.13822750002146
151,0,150,93.48644444290233,1000,0.05,0.7084938147589565,50000,73279,False,True,False,182.9123535999097
152,0,151,210.3820840071353,318,0.05,0.7005712529820092,50000,73597,True,False,True,183.76292070001364
153,0,152,227.0940116058004,672,0.05,0.6986953042602787,50000,74269,True,False,True,185.54745519999415
154,0,153,266.88901499325743,380,0.05,0.7117212813543646,50000,74649,True,False,True,186.46997860004194
155,0,154,247.7791304592447,677,0.05,0.6907385289448931,50000,75326,True,False,True,188.5369923999533
156,0,155,283.9889335244807,265,0.05,0.6967313988309987,50000,75591,True,False,True,189.29191999998875
157,0,156,267.7956437951565,568,0.05,0.6942619130566297,50000,76159,True,False,True,190.87827809993178
158,0,157,263.6815989366138,256,0.05,0.7281339080946054,50000,76415,True,False,True,191.57583880005404
159,0,158,266.1698547252801,270,0.05,0.6964921722257579,50000,76685,True,False,True,192.40751579985954
160,0,159,266.7681652965357,334,0.05,0.6854789828112026,50000,77019,True,False,True,193.28685669996776
161,0,160,245.80671298973505,319,0.05,0.6928247845378416,50000,77338,True,False,True,194.01641319994815
162,0,161,235.38398330315187,921,0.05,0.7017462419004187,50000,78259,True,False,True,196.64094549999572
163,0,162,261.9313303468638,373,0.05,0.6738113172292389,50000,78632,True,False,True,197.65372559987009
164,0,163,244.28795686428896,216,0.05,0.6831435981655011,50000,78848,True,False,True,198.2811769999098
165,0,164,293.2575523921493,315,0.05,0.6823444135605343,50000,79163,True,False,True,199.1581287998706
166,0,165,196.42310593719793,402,0.05,0.6558009068578926,50000,79565,True,False,False,200.18297529988922
167,0,166,237.41009756802777,256,0.05,0.6834440212405752,50000,79821,True,False,True,200.75106319994666
168,0,167,247.07189622256612,435,0.05,0.6372052174532551,50000,80256,True,False,True,201.7725682000164
169,0,168,306.396245687758,217,0.05,0.6168634080529762,50000,80473,True,False,True,202.42204229999334
170,0,169,227.46725327435513,242,0.05,0.6671759355967203,50000,80715,True,False,True,203.15217650006525
171,0,170,287.83869571042567,270,0.05,0.6384175991846456,50000,80985,True,False,True,203.83103369991295
172,0,171,233.27197801276483,247,0.05,0.6554756354585833,50000,81232,True,False,True,204.50366849987768
173,0,172,186.89989387188587,761,0.05,0.6192866622833793,50000,81993,True,False,False,206.70624119997956
174,0,173,238.63087949456644,346,0.05,0.6147300734943737,50000,82339,True,False,True,207.7575793999713
175,0,174,287.65348895209155,308,0.05,0.6036652639605008,50000,82647,True,False,True,208.55701739992946
176,0,175,126.75552498994628,1000,0.05,0.6154630970954895,50000,83647,False,True,False,211.5198729999829
177,0,176,284.69195389792765,234,0.05,0.642866647332652,50000,83881,True,False,True,212.23604210000485
178,0,177,284.56752885333486,239,0.05,0.5961532000467867,50000,84120,True,False,True,212.81541639985517
179,0,178,234.70791477852444,484,0.05,0.5744963369740188,50000,84604,True,False,True,214.1535181000363
180,0,179,222.86157594487221,354,0.05,0.6005872787518353,50000,84958,True,False,True,215.2047543998342
181,0,180,231.95065064961557,377,0.05,0.5806868452509614,50000,85335,True,False,True,215.9597234998364
182,0,181,260.59674935639885,243,0.05,0.6210322900380126,50000,85578,True,False,True,216.59176209988073
183,0,182,246.6483899235211,337,0.05,0.633701753357663,50000,85915,True,False,True,217.3277191000525
184,0,183,143.91093360648023,1000,0.05,0.6038728678151966,50000,86915,False,True,False,220.22916590003297
185,0,184,306.1967255865198,266,0.05,0.540170504886629,50000,87181,True,False,True,220.95971259986982
186,0,185,238.2797515226164,373,0.05,0.5819436613140733,50000,87554,True,False,True,221.94584800000302
187,0,186,258.57099772714645,233,0.05,0.6364621753632511,50000,87787,True,False,True,222.43289149994962
188,0,187,259.8834686809421,496,0.05,0.5856731934022279,50000,88283,True,False,True,223.6577993000392
189,0,188,258.56485728628206,323,0.05,0.6114972483355194,50000,88606,True,False,True,224.62997450004332
190,0,189,234.84085545284395,363,0.05,0.5771082364453757,50000,88969,True,False,True,225.65140229999088
191,0,190,252.39253489330272,352,0.05,0.585076480902816,50000,89321,True,False,True,226.6241543998476
192,0,191,256.90351198661494,316,0.05,0.5973629050569821,50000,89637,True,False,True,227.53045219997875
193,0,192,258.63232879082216,286,0.05,0.5560504857294418,50000,89923,True,False,True,228.22501050005667
194,0,193,266.805766379237,311,0.05,0.5482071480231653,50000,90234,True,False,True,228.95058079995215
195,0,194,241.12474731783564,295,0.05,0.6333073452367621,50000,90529,True,False,True,229.81833210005425
196,0,195,287.2878967088868,323,0.05,0.5882674817445662,50000,90852,True,False,True,230.66411500005051
197,0,196,229.5140566335809,324,0.05,0.5682559740718132,50000,91176,True,False,True,231.531236999901
198,0,197,301.3291041794945,343,0.05,0.5251861432290286,50000,91519,True,False,True,232.45077560003847
199,0,198,242.3373047953746,320,0.05,0.5707754881354049,50000,91839,True,False,True,233.2760311998427
200,0,199,279.73066953539086,328,0.05,0.5599836842724826,50000,92167,True,False,True,234.21899159997702
201,0,200,262.65504271336556,416,0.05,0.5715903866982374,50000,92583,True,False,True,235.3992293998599
202,0,201,280.10940903973125,394,0.05,0.6073775778378024,50000,92977,True,False,True,236.36950599984266
203,0,202,225.26873296357957,289,0.05,0.5446729418212567,50000,93266,True,False,True,237.05036089988425
204,0,203,271.1972649742387,269,0.05,0.5616181883060799,50000,93535,True,False,True,237.84584659989923
205,0,204,287.3264855801844,237,0.05,0.5820382464567065,50000,93772,True,False,True,238.52730580000207
206,0,205,189.0663930705275,673,0.05,0.5730513679015866,50000,94445,True,False,False,240.31709659984335
207,0,206,295.01322419503157,240,0.05,0.6228154562103252,50000,94685,True,False,True,241.0824782999698
208,0,207,237.49005956341935,270,0.05,0.6150821930004491,50000,94955,True,False,True,241.89008439984173
209,0,208,294.497314657251,285,0.05,0.5812738501058335,50000,95240,True,False,True,242.71365659986623
210,0,209,246.06773158629622,414,0.05,0.5875922426005492,50000,95654,True,False,True,243.8481393000111
211,0,210,282.88645794543345,390,0.05,0.5642732260796505,50000,96044,True,False,True,244.99322679988109
212,0,211,229.21213977686173,261,0.05,0.6184556072870434,50000,96305,True,False,True,245.8103721998632
213,0,212,219.51880288994067,326,0.05,0.5788564303192807,50000,96631,True,False,True,246.51249579992145
214,0,213,258.4336145393295,228,0.05,0.5997380714765504,50000,96859,True,False,True,247.15286209993064
215,0,214,278.7204525247296,327,0.05,0.6202112524926845,50000,97186,True,False,True,248.00701289996505
216,0,215,230.02655373315918,473,0.05,0.6015535769373745,50000,97659,True,False,True,249.34653640002944
217,0,216,254.06462639372293,310,0.05,0.5770086316451911,50000,97969,True,False,True,250.14868679991923
218,0,217,272.1632477502385,331,0.05,0.5808507937859192,50000,98300,True,False,True,250.83734450000338
219,0,218,263.54504223435697,301,0.05,0.5863169018934138,50000,98601,True,False,True,251.7561576999724
220,0,219,250.64311679574814,285,0.05,0.6130353940683498,50000,98886,True,False,True,252.43717919988558
221,0,220,280.1576732317069,271,0.05,0.603540080499825,50000,99157,True,False,True,253.27869489998557
222,0,221,272.39190380439106,212,0.05,0.589407875308029,50000,99369,True,False,True,253.96568470005877
223,0,222,262.0506785810655,377,0.05,0.5819861951237174,50000,99746,True,False,True,255.00200350000523
224,0,223,287.2986852498246,280,0.05,0.6011455092179988,50000,100026,True,False,True,255.84753869986162
225,0,224,265.1626871458402,245,0.05,0.5943679609469005,50000,100271,True,False,True,256.53150109993294
226,0,225,261.63430801709296,257,0.05,0.6185172311236886,50000,100528,True,False,True,257.15097019984387
227,0,226,266.19247971524595,487,0.05,0.5791618865465237,50000,101015,True,False,True,258.5026185999159
228,0,227,237.13671746845844,344,0.05,0.6018534451398219,50000,101359,True,False,True,259.31238240003586
229,0,228,139.95545071340464,1000,0.05,0.621163895688951,50000,102359,False,True,False,261.85794509993866
230,0,229,260.0741868917105,285,0.05,0.5577194459605636,50000,102644,True,False,True,262.64132940000854
231,0,230,262.5685068303989,242,0.05,0.6125455852905827,50000,102886,True,False,True,263.32917709997855
232,0,231,277.8710856499244,352,0.05,0.5625357425835152,50000,103238,True,False,True,264.3489180000033
233,0,232,261.342793088516,309,0.05,0.6082870904175401,50000,103547,True,False,True,265.0750778999645
234,0,233,268.77458683906104,253,0.05,0.6295398600370046,50000,103800,True,False,True,265.795433399966
235,0,234,277.73428078410916,253,0.05,0.5391686034385159,50000,104053,True,False,True,266.4907921999693
236,0,235,306.89453127644083,275,0.05,0.5923338256640868,50000,104328,True,False,True,267.2443164999131
237,0,236,272.5953140672681,255,0.05,0.5523534893989563,50000,104583,True,False,True,268.06089730001986
238,0,237,296.7360935267393,300,0.05,0.6255892084166408,50000,104883,True,False,True,269.0359404999763
239,0,238,264.7174299810546,307,0.05,0.5632332370097746,50000,105190,True,False,True,269.84131619986147
240,0,239,292.35159390487064,205,0.05,0.5832243817790252,50000,105395,True,False,True,270.463702699868
241,0,240,287.15641105781674,272,0.05,0.5904816002721953,50000,105667,True,False,True,271.27727529988624
242,0,241,246.21457384008696,552,0.05,0.577725706871707,50000,106219,True,False,True,272.66416199994273
243,0,242,248.4984579560599,275,0.05,0.5738260125436566,50000,106494,True,False,True,273.3731670998968
244,0,243,228.09820869509522,322,0.05,0.6246348286036009,50000,106816,True,False,True,274.338654599851
245,0,244,254.8380595708696,262,0.05,0.6177741363786786,50000,107078,True,False,True,275.16477689985186
246,0,245,276.89149726662095,252,0.05,0.5561873929220296,50000,107330,True,False,True,275.8802077998407
247,0,246,295.5603857303844,290,0.05,0.5310447135747507,50000,107620,True,False,True,276.79391969996504
248,0,247,224.20058547740746,459,0.05,0.6201191265095423,50000,108079,True,False,True,278.0459147999063
249,0,248,270.70550615669026,292,0.05,0.5741757202051478,50000,108371,True,False,True,278.720386199886
250,0,249,249.43911587575374,642,0.05,0.6009646085238902,50000,109013,True,False,True,280.1385075999424
251,0,250,278.6772465408267,269,0.05,0.6492725630398133,50000,109282,True,False,True,280.81262540002353
252,0,251,280.09866282082123,204,0.05,0.6321408246808192,50000,109486,True,False,True,281.3958646999672
253,0,252,254.76977700582597,611,0.05,0.6079107875739104,50000,110097,True,False,True,282.9287479000632
254,0,253,260.9303438979689,275,0.05,0.6121682513166558,50000,110372,True,False,True,283.7435020999983
255,0,254,242.4258457053549,374,0.05,0.5884671721129334,50000,110746,True,False,True,284.75710319983773
256,0,255,247.0177902862105,237,0.05,0.5240431424025996,50000,110983,True,False,True,285.37262209993787
257,0,256,247.53528011856918,403,0.05,0.5866541180195791,50000,111386,True,False,True,286.347059099935
258,0,257,82.04819542137815,1000,0.05,0.5962538003250957,50000,112386,False,True,False,288.9552583999466
259,0,258,294.3571358837929,297,0.05,0.6293043494224548,50000,112683,True,False,True,289.7595668998547
260,0,259,219.12444199463084,998,0.05,0.6326879803725856,50000,113681,True,False,True,292.43019549991004
261,0,260,250.71842968858232,235,0.05,0.6545621911103421,50000,113916,True,False,True,293.15417229989544
262,0,261,266.9202492758327,749,0.05,0.6425928182909899,50000,114665,True,False,True,294.9674322998617
263,0,262,209.36931083820286,551,0.05,0.605674920857169,50000,115216,True,False,True,296.38781329989433
264,0,263,246.7288677267054,690,0.05,0.6171221948080304,50000,115906,True,False,True,298.2144496999681
265,0,264,193.64231410060916,294,0.05,0.5865390980552857,50000,116200,True,False,False,298.9759011999704
266,0,265,269.66686047651547,232,0.05,0.6664618619492856,50000,116432,True,False,True,299.55220340006053
267,0,266,284.71847314507977,253,0.05,0.6350774892086803,50000,116685,True,False,True,300.1939250000287
268,0,267,197.14715588984387,599,0.05,0.6060631019506411,50000,117284,True,False,False,301.92998669994995
269,0,268,72.29971104065632,139,0.05,0.6580532777974074,50000,117423,True,False,False,302.25986590003595
270,0,269,284.84222663884066,265,0.05,0.6459406213940314,50000,117688,True,False,True,302.9681599000469
271,0,270,294.69705538115215,200,0.05,0.625621150881052,50000,117888,True,False,True,303.49691220000386
272,0,271,50.69532598373431,145,0.05,0.588036730936889,50000,118033,True,False,False,303.8742680000141
273,0,272,217.14984790024266,298,0.05,0.6622840121213421,50000,118331,True,False,True,304.8213277000468
274,0,273,260.99621478917777,453,0.05,0.5907455171411138,50000,118784,True,False,True,306.0475661000237
275,0,274,47.96125737668663,170,0.05,0.5862188978011117,50000,118954,True,False,False,306.5154494000599
276,0,275,202.3644094141271,606,0.05,0.6226553076650738,50000,119560,True,False,True,307.9774247999303
277,0,276,248.62044903558558,557,0.05,0.6222206245994119,50000,120117,True,False,True,309.50065279984847
278,0,277,229.4867083684127,215,0.05,0.6200331215248551,50000,120332,True,False,True,310.16484529990703
279,0,278,216.9249453933702,656,0.05,0.6403294421346267,50000,120988,True,False,True,312.1918059999589
280,0,279,267.53070568018495,559,0.05,0.6676226016100703,50000,121547,True,False,True,313.59526970004663
281,0,280,263.8410606535273,331,0.05,0.7237013635250917,50000,121878,True,False,True,314.55589509988204
282,0,281,232.57442401425186,362,0.05,0.6795984979471943,50000,122240,True,False,True,315.45235799998045
283,0,282,278.8041217068123,297,0.05,0.6697146690729692,50000,122537,True,False,True,316.2350665999111
284,0,283,261.98037835827193,312,0.05,0.5925079336127218,50000,122849,True,False,True,317.14297150005586
285,0,284,256.2358641965807,422,0.05,0.6715591553934095,50000,123271,True,False,True,318.17696870001964
286,0,285,286.16218421093436,294,0.05,0.6422970998956232,50000,123565,True,False,True,319.07953420002013
287,0,286,252.17143241562806,386,0.05,0.651359696954566,50000,123951,True,False,True,320.066137699876
288,0,287,274.20626881933583,285,0.05,0.69201145466221,50000,124236,True,False,True,320.92134059988894
289,0,288,255.5377860240831,237,0.05,0.6903644429071795,50000,124473,True,False,True,321.5615162998438
290,0,289,309.9589444079734,277,0.05,0.6550273956455264,50000,124750,True,False,True,322.2629400000442
291,0,290,279.4008477291842,389,0.05,0.6382627812977928,50000,125139,True,False,True,323.30040209996514
292,0,291,250.21649057850718,224,0.05,0.662270010049854,50000,125363,True,False,True,323.80053610005416
293,0,292,250.21959045532117,314,0.05,0.6576128318122808,50000,125677,True,False,True,324.5971625999082
294,0,293,276.2064081281885,209,0.05,0.7120250739050253,50000,125886,True,False,True,325.26216959999874
295,0,294,291.1355590646337,377,0.05,0.6628446237675707,50000,126263,True,False,True,326.30103099998087
296,0,295,257.80973603614416,438,0.05,0.6926480422230208,50000,126701,True,False,True,327.60800329991616
297,0,296,228.9519597820092,529,0.05,0.6531398365650826,50000,127230,True,False,True,329.1387026999146
298,0,297,274.3113844383368,194,0.05,0.6553727123579106,50000,127424,True,False,True,329.7333897999488
299,0,298,223.61008437876143,553,0.05,0.7155789611406396,50000,127977,True,False,True,331.19870249996893
300,0,299,233.5797338258462,304,0.05,0.6870416886614341,50000,128281,True,False,True,331.90397910005413
301,0,300,-138.91212690654322,593,0.05,0.6889912763494264,50000,128874,True,False,False,333.5228356998414
302,0,301,277.2882209634887,301,0.05,0.6057420154024794,50000,129175,True,False,True,334.2718392999377
303,0,302,276.1614611271471,216,0.05,0.6297796884275697,50000,129391,True,False,True,334.9679445999209
304,0,303,257.31897589397516,593,0.05,0.6592900878600588,50000,129984,True,False,True,336.69573929999024
305,0,304,279.4424013871442,252,0.05,0.697577214563295,50000,130236,True,False,True,337.3371138998773
306,0,305,288.7769903418478,332,0.05,0.6654613211481686,50000,130568,True,False,True,338.1446982000489
307,0,306,217.0452512744049,485,0.05,0.6873541956786642,50000,131053,True,False,True,339.40476599987596
308,0,307,230.64519082623374,508,0.05,0.643261171224725,50000,131561,True,False,True,340.62270519998856
309,0,308,254.2780137275505,470,0.05,0.681179492381659,50000,132031,True,False,True,341.9039074999746
310,0,309,258.78918771936253,560,0.05,0.6259188328470503,50000,132591,True,False,True,343.6731116999872
311,0,310,191.66803043049134,436,0.05,0.6716894396162087,50000,133027,True,False,False,344.8687288998626
312,0,311,259.44575853098075,279,0.05,0.6730070545548393,50000,133306,True,False,True,345.4731320999563
313,0,312,249.61018408573614,223,0.05,0.6864923938373814,50000,133529,True,False,True,346.0283782000188
314,0,313,255.70132220913257,322,0.05,0.6657581044627088,50000,133851,True,False,True,346.98912679986097
315,0,314,256.59865788374043,354,0.05,0.6870019205945865,50000,134205,True,False,True,347.98992449999787
316,0,315,237.17516351019296,424,0.05,0.7064187887546448,50000,134629,True,False,True,349.28646730002947
317,0,316,282.99119174763416,249,0.05,0.7420211957251451,50000,134878,True,False,True,349.8572424999438
318,0,317,266.6002613294661,286,0.05,0.7063575550861709,50000,135164,True,False,True,350.7411886998452
319,0,318,253.1428657864621,319,0.05,0.7398729954019982,50000,135483,True,False,True,351.7808370999992
320,0,319,285.82032114938113,355,0.05,0.6938608800126633,50000,135838,True,False,True,352.8631138999481
321,0,320,269.12141974315387,320,0.05,0.6619895025272854,50000,136158,True,False,True,353.82609129999764
322,0,321,252.618161579992,476,0.05,0.7145556348900334,50000,136634,True,False,True,355.0895980000496
323,0,322,269.88690897436186,272,0.05,0.6860130664837711,50000,136906,True,False,True,355.7071912998799
324,0,323,226.42069607154463,274,0.05,0.6750053320569496,50000,137180,True,False,True,356.5332350998651
325,0,324,203.68297638156338,425,0.05,0.7102878566524562,50000,137605,True,False,True,357.81534249987453
326,0,325,299.89129271859326,198,0.05,0.6563919122058033,50000,137803,True,False,True,358.45468029985204
327,0,326,103.05145308075564,1000,0.05,0.724309281166643,50000,138803,False,True,False,361.54705010005273
328,0,327,280.5215566043779,288,0.05,0.7617429380253371,50000,139091,True,False,True,362.47523360000923
329,0,328,257.0273487924989,237,0.05,0.656246324773202,50000,139328,True,False,True,363.2265629998874
330,0,329,229.96961804111368,606,0.05,0.7210893560717306,50000,139934,True,False,True,364.74878829997033
331,0,330,237.75910380896482,223,0.05,0.6606503863873235,50000,140157,True,False,True,365.3160566999577
332,0,331,268.79789274682264,257,0.05,0.7252271637784368,50000,140414,True,False,True,366.1068918998353
333,0,332,181.71533027950744,582,0.05,0.7075245874674664,50000,140996,True,False,False,367.6496577998623
334,0,333,184.8796011361577,758,0.05,0.7072213786288034,50000,141754,True,False,False,369.94223199994303
335,0,334,276.78333445195767,248,0.05,0.7111002600962116,50000,142002,True,False,True,370.5290965999011
336,0,335,200.1675848120844,858,0.05,0.7283020528958185,50000,142860,True,False,True,373.0458849000279
337,0,336,265.4816101698142,280,0.05,0.6623788655602506,50000,143140,True,False,True,373.8488415000029
338,0,337,310.4266051876797,189,0.05,0.6895754912858287,50000,143329,True,False,True,374.4572123000398
339,0,338,304.8325453313293,272,0.05,0.7042457255918313,50000,143601,True,False,True,375.1840621000156
340,0,339,287.73021956812545,295,0.05,0.7116192503627073,50000,143896,True,False,True,376.0807802998461
341,0,340,278.6210875245809,345,0.05,0.740640431318594,50000,144241,True,False,True,377.0325799998827
342,0,341,267.10562484157384,247,0.05,0.6670893485759676,50000,144488,True,False,True,377.6622562999837
343,0,342,274.3342055023541,221,0.05,0.6267508205481515,50000,144709,True,False,True,378.3317458999809
344,0,343,272.8710030230471,198,0.05,0.6551375956171088,50000,144907,True,False,True,378.9860028999392
345,0,344,233.23892378283387,593,0.05,0.6872999145512738,50000,145500,True,False,True,380.17668380006216
346,0,345,196.164541817651,628,0.05,0.7024144890664774,50000,146128,True,False,False,381.9114943998866
347,0,346,233.80766900223773,382,0.05,0.6673868183261125,50000,146510,True,False,True,382.9438705998473
348,0,347,290.53486006055215,342,0.05,0.7077665261553916,50000,146852,True,False,True,383.7540471998509
349,0,348,250.04181952565696,403,0.05,0.6740618142722262,50000,147255,True,False,True,384.85902730003
350,0,349,257.67761216768895,382,0.05,0.654228958842486,50000,147637,True,False,True,385.8962578999344
351,0,350,280.72735459941384,225,0.05,0.7050781314902835,50000,147862,True,False,True,386.50289630005136
352,0,351,292.44188205998506,189,0.05,0.6994288108020863,50000,148051,True,False,True,386.8938333999831
353,0,352,115.32315608924445,1000,0.05,0.7052005723305047,50000,149051,False,True,False,389.7609856999479
354,0,353,280.4346367314313,250,0.05,0.6620910332649946,50000,149301,True,False,True,390.3909263999667
355,0,354,261.01126648105316,273,0.05,0.641193150150361,50000,149574,True,False,True,391.23931470001116
356,0,355,272.3459522851339,243,0.05,0.6770494971194385,50000,149817,True,False,True,391.89366279984824
357,0,356,262.203455708621,383,0.05,0.7318688251525552,50000,150200,True,False,True,392.7604960000608
358,0,357,42.494754309897104,141,0.05,0.6820735228082813,50000,150341,True,False,False,393.09868659987114
359,0,358,142.1425727626453,529,0.05,0.6827413515664905,50000,150870,True,False,False,394.4146246998571
360,0,359,291.5784385008499,275,0.05,0.6860850324007598,50000,151145,True,False,True,395.1630986998789
361,0,360,277.1894160047182,248,0.05,0.6983280715142046,50000,151393,True,False,True,395.9741718999576
362,0,361,129.87553405754764,565,0.05,0.705062763373145,50000,151958,True,False,False,397.2947227000259
363,0,362,270.42344322036024,198,0.05,0.6826456769774056,50000,152156,True,False,True,397.9519680000376
364,0,363,236.07868887393218,385,0.05,0.700783193024335,50000,152541,True,False,True,399.04512899997644
365,0,364,217.84137702341081,425,0.05,0.7421803747029866,50000,152966,True,False,True,400.119498899905
366,0,365,17.365057260867133,130,0.05,0.6564516675586883,50000,153096,True,False,False,400.41965679987334
367,0,366,228.42283262353774,357,0.05,0.7328987450701516,50000,153453,True,False,True,401.47556940000504
368,0,367,268.1333953384333,306,0.05,0.6831306307972257,50000,153759,True,False,True,402.1784121999517
369,0,368,206.3634399829253,671,0.05,0.717148958876085,50000,154430,True,False,True,403.8872048999183
370,0,369,304.94908095915554,183,0.05,0.6332585861692663,50000,154613,True,False,True,404.34954059985466
371,0,370,293.1104581941073,200,0.05,0.6739123724400997,50000,154813,True,False,True,404.9197084000334
372,0,371,213.35091015652122,270,0.05,0.6906750567533352,50000,155083,True,False,True,405.7410684998613
373,0,372,206.0178947835839,331,0.05,0.7565391859956918,50000,155414,True,False,True,406.66345850005746
374,0,373,260.9365364881866,252,0.05,0.7003148072916601,50000,155666,True,False,True,407.3614757999312
375,0,374,249.93420724878462,289,0.05,0.6884368735149657,50000,155955,True,False,True,408.26066999998875
376,0,375,203.4362348323334,670,0.05,0.712826438476123,50000,156625,True,False,True,410.0826337998733
377,0,376,213.70564886690593,389,0.05,0.6992040241094052,50000,157014,True,False,True,411.18731179996394
378,0,377,269.1051254747048,357,0.05,0.7394235847773505,50000,157371,True,False,True,412.0822357998695
379,0,378,307.2577427348775,253,0.05,0.7093536382901809,50000,157624,True,False,True,412.7331528000068
380,0,379,260.2953139495242,303,0.05,0.7060163248662311,50000,157927,True,False,True,413.67934769997373
381,0,380,264.80968162269795,251,0.05,0.6816898044718214,50000,158178,True,False,True,414.34761359984986
382,0,381,261.39120132603557,362,0.05,0.6956186789545894,50000,158540,True,False,True,415.40206340001896
383,0,382,283.5956313706245,325,0.05,0.775984436915471,50000,158865,True,False,True,416.18795439996757
384,0,383,192.96993102098847,413,0.05,0.7649407906516412,50000,159278,True,False,False,417.3124265000224
385,0,384,6.863929508326869,1000,0.05,0.723259395942092,50000,160278,False,True,False,420.24774769996293
386,0,385,243.2480170925165,261,0.05,0.710339974954553,50000,160539,True,False,True,421.0889609998558
387,0,386,294.0047476437864,288,0.05,0.6335120110306889,50000,160827,True,False,True,421.89685350004584
388,0,387,253.80682915950015,343,0.05,0.7207567543334412,50000,161170,True,False,True,422.9597843999509
389,0,388,280.79690741055276,270,0.05,0.7006828913396156,50000,161440,True,False,True,423.5464844000526
390,0,389,208.09500562775463,375,0.05,0.6968848373591899,50000,161815,True,False,True,424.5131083999295
391,0,390,230.11228960781958,299,0.05,0.6205290268770229,50000,162114,True,False,True,425.21365599986166
392,0,391,294.000844421607,296,0.05,0.7693547398934292,50000,162410,True,False,True,425.9721694998443
393,0,392,185.58959919544753,643,0.05,0.678314250426057,50000,163053,True,False,False,427.7891440000385
394,0,393,298.9470135162173,241,0.05,0.7070367118629677,50000,163294,True,False,True,428.52238900004886
395,0,394,263.6234137176834,492,0.05,0.7005008274568169,50000,163786,True,False,True,429.63548399996944
396,0,395,202.0692900344372,460,0.05,0.7200978122084685,50000,164246,True,False,True,430.89820920000784
397,0,396,283.5422348088018,284,0.05,0.7093001735645911,50000,164530,True,False,True,431.520958899986
398,0,397,219.0563650081233,331,0.05,0.7129141221954023,50000,164861,True,False,True,432.3543962999247
399,0,398,259.98678018771477,346,0.05,0.6987581190927697,50000,165207,True,False,True,433.4478171998635
400,0,399,219.64171560397375,400,0.05,0.7086945697665215,50000,165607,True,False,True,434.58881210000254
401,0,400,319.53010361815257,213,0.05,0.6831681260515546,50000,165820,True,False,True,435.2956073000096
402,0,401,277.4137333235509,273,0.05,0.6903035955796967,50000,166093,True,False,True,436.14590159989893
403,0,402,283.65859949531045,220,0.05,0.6702822339467027,50000,166313,True,False,True,436.85836660000496
404,0,403,246.5880510410367,265,0.05,0.6797695601183289,50000,166578,True,False,True,437.51841749995947
405,0,404,276.1261979330464,273,0.05,0.7269124459106844,50000,166851,True,False,True,438.15940140001476
406,0,405,264.1198815102557,365,0.05,0.7588140762321753,50000,167216,True,False,True,438.99631479987875
407,0,406,232.69256346503082,366,0.05,0.7138749163373898,50000,167582,True,False,True,439.8587799000088
408,0,407,295.40109269280265,245,0.05,0.6955079941573191,50000,167827,True,False,True,440.58508979994804
409,0,408,240.43148605991792,217,0.05,0.7124830127311742,50000,168044,True,False,True,441.2016145000234
410,0,409,269.56653715649355,252,0.05,0.7432149374147966,50000,168296,True,False,True,441.8218626000453
411,0,410,300.06414420469673,246,0.05,0.7615434088236918,50000,168542,True,False,True,442.4296825998463
412,0,411,299.4707468833021,262,0.05,0.7112516848981836,50000,168804,True,False,True,443.04943859996274
413,0,412,272.6699933621975,219,0.05,0.715823150933061,50000,169023,True,False,True,443.5666481999215
414,0,413,264.37883108966435,302,0.05,0.6721338128165298,50000,169325,True,False,True,444.30595820001327
415,0,414,291.3262623728306,237,0.05,0.6964697605824168,50000,169562,True,False,True,444.88276269985363
416,0,415,123.3357612614077,1000,0.05,0.7198103790916502,50000,170562,False,True,False,447.4378644998651
417,0,416,280.4305739016952,745,0.05,0.7296323922106484,50000,171307,True,False,True,449.26035969983786
418,0,417,301.8692161068112,354,0.05,0.6854674304167261,50000,171661,True,False,True,450.1434937999584
419,0,418,207.44055167495776,352,0.05,0.7535477799829096,50000,172013,True,False,True,450.96757710003294
420,0,419,238.1479647775183,240,0.05,0.7145631155620019,50000,172253,True,False,True,451.5253073000349
421,0,420,259.71093321254773,416,0.05,0.7626300940845305,50000,172669,True,False,True,452.5219213999808
422,0,421,278.15625600827,681,0.05,0.6875322584046404,50000,173350,True,False,True,454.1438092000317
423,0,422,265.41035285400375,261,0.05,0.7031741464560516,50000,173611,True,False,True,454.7625118000433
424,0,423,263.98619272418813,290,0.05,0.7738282986370654,50000,173901,True,False,True,455.442669400014
425,0,424,127.233950809929,1000,0.05,0.7118492910377682,50000,174901,False,True,False,457.81035629985854
426,0,425,67.77802719743036,125,0.05,0.6689734348654747,50000,175026,True,False,False,458.1248826999217
427,0,426,279.49628254883453,251,0.05,0.7671801980688753,50000,175277,True,False,True,458.7186531999614
428,0,427,276.46899691023236,249,0.05,0.7105114481684912,50000,175526,True,False,True,459.323534599971
429,0,428,235.3702653125058,187,0.05,0.7191248387895166,50000,175713,True,False,True,459.7605008999817
430,0,429,241.85591920346025,341,0.05,0.6766156926204907,50000,176054,True,False,True,460.5636595999822
431,0,430,300.76310443115386,266,0.05,0.6730438461037058,50000,176320,True,False,True,461.11383139993995
432,0,431,257.03036788890483,346,0.05,0.7009030794132651,50000,176666,True,False,True,461.8821719000116
433,0,432,229.48555853589934,339,0.05,0.7269879461851267,50000,177005,True,False,True,462.6208160999231
434,0,433,288.5879616548975,413,0.05,0.7188426389135691,50000,177418,True,False,True,463.62593650002964
435,0,434,241.91545825519376,369,0.05,0.7275466875130245,50000,177787,True,False,True,464.541519299848
436,0,435,275.8979646039565,262,0.05,0.6795415420454877,50000,178049,True,False,True,465.11227359995246
437,0,436,-0.6078401448247917,121,0.05,0.74600270310463,50000,178170,True,False,False,465.405051499838
438,0,437,262.118921173475,229,0.05,0.6880379763297639,50000,178399,True,False,True,465.91078020003624
439,0,438,262.4739114059755,291,0.05,0.7681020570477259,50000,178690,True,False,True,466.57333689997904
440,0,439,293.82233845090855,252,0.05,0.6885518756887269,50000,178942,True,False,True,467.19891659985296
441,0,440,269.5430598389353,411,0.05,0.7143145582101641,50000,179353,True,False,True,468.12877899990417
442,0,441,275.45353777582136,284,0.05,0.7055701573812206,50000,179637,True,False,True,468.82536170003004
443,0,442,290.58134566326055,210,0.05,0.7720974915793963,50000,179847,True,False,True,469.3593094998505
444,0,443,252.40738907444316,206,0.05,0.7528432587035072,50000,180053,True,False,True,469.8419919000007
445,0,444,227.68727110496707,209,0.05,0.741811601453991,50000,180262,True,False,True,470.2938802000135
446,0,445,279.5048366182179,302,0.05,0.6657903599028556,50000,180564,True,False,True,470.9966659999918
447,0,446,244.03694231496303,327,0.05,0.7053676409025987,50000,180891,True,False,True,471.7277009000536
448,0,447,254.04751904912624,273,0.05,0.7392866466016996,50000,181164,True,False,True,472.34691639989614
449,0,448,286.0260700179982,311,0.05,0.7219593777797422,50000,181475,True,False,True,473.0596123000141
450,0,449,249.72650646140727,259,0.05,0.7103931843285165,50000,181734,True,False,True,473.6954101000447
451,0,450,116.60461092498316,1000,0.05,0.7460528430901467,50000,182734,False,True,False,476.1378273998853
452,0,451,276.75203487952786,305,0.05,0.7155636603226427,50000,183039,True,False,True,476.8745939999353
453,0,452,287.30617711198846,212,0.05,0.7087569850725386,50000,183251,True,False,True,477.3957266998477
454,0,453,290.12781683857844,214,0.05,0.7180467186687148,50000,183465,True,False,True,477.92313720006496
455,0,454,244.99692112541462,304,0.05,0.7588931462163792,50000,183769,True,False,True,478.6082398998551
456,0,455,229.97093500135847,225,0.05,0.6978496722711457,50000,183994,True,False,True,479.1606854000129
457,0,456,236.02686908543225,381,0.05,0.7294334829283824,50000,184375,True,False,True,480.13063699984923
458,0,457,280.0813444714679,257,0.05,0.772683571139894,50000,184632,True,False,True,480.7448658000212
459,0,458,264.3910814778175,231,0.05,0.8014919691884415,50000,184863,True,False,True,481.28576539992355
460,0,459,267.63278407234293,308,0.05,0.7028102813554662,50000,185171,True,False,True,482.00343539984897
461,0,460,277.7330535751656,197,0.05,0.7319749609241025,50000,185368,True,False,True,482.4620064999908
462,0,461,226.36853850820788,475,0.05,0.7126323879941514,50000,185843,True,False,True,483.62565750000067
463,0,462,230.94036148534443,230,0.05,0.7671023633169092,50000,186073,True,False,True,484.1408179998398
464,0,463,270.1553114383395,226,0.05,0.7726224331696213,50000,186299,True,False,True,484.67648119991645
465,0,464,290.8249587700967,220,0.05,0.7153251657601107,50000,186519,True,False,True,485.2132087999489
466,0,465,223.20038857492284,215,0.05,0.7170299841740797,50000,186734,True,False,True,485.7533431998454
467,0,466,275.7239764371338,210,0.05,0.7498369362382662,50000,186944,True,False,True,486.25035610003397
468,0,467,215.31189664765557,255,0.05,0.7372954048070253,50000,187199,True,False,True,486.90064319991507
469,0,468,301.04132322815815,249,0.05,0.7197303456594666,50000,187448,True,False,True,487.4960243999958
470,0,469,279.00295346759646,296,0.05,0.7514990823645447,50000,187744,True,False,True,488.211686699884
471,0,470,217.8147892065632,216,0.05,0.7066595139050925,50000,187960,True,False,True,488.815742299892
472,0,471,229.5695062397651,267,0.05,0.7592200878658768,50000,188227,True,False,True,489.53358020004816
473,0,472,64.11819474072905,140,0.05,0.8225262454045671,50000,188367,True,False,False,489.8728932000231
474,0,473,291.9907020016565,276,0.05,0.7381272391159681,50000,188643,True,False,True,490.54474939987995
475,0,474,250.0259981503017,669,0.05,0.7594656895383948,50000,189312,True,False,True,492.09100809996016
476,0,475,228.68897481438034,258,0.05,0.7623945136316294,50000,189570,True,False,True,492.7717031999491
477,0,476,266.4383067762129,385,0.05,0.7923129450771715,50000,189955,True,False,True,493.69743239996023
478,0,477,195.53206737128923,641,0.05,0.7168034365845266,50000,190596,True,False,False,495.2401838998776
479,0,478,290.62185784891074,194,0.05,0.867173116922993,50000,190790,True,False,True,495.6864219000563
480,0,479,266.751750347844,270,0.05,0.7759869196624668,50000,191060,True,False,True,496.328076899983
481,0,480,227.86819235042032,308,0.05,0.7717535173907489,50000,191368,True,False,True,497.07967799995095
482,0,481,252.77157188971955,271,0.05,0.8214096997991699,50000,191639,True,False,True,497.7279403998982
483,0,482,267.32221659731545,527,0.05,0.7837321872715141,50000,192166,True,False,True,498.9589573999401
484,0,483,271.4918022184148,196,0.05,0.7621175662557386,50000,192362,True,False,True,499.44990419992246
485,0,484,280.80124696955386,374,0.05,0.7721042925302677,50000,192736,True,False,True,500.36526109999977
486,0,485,279.19627069415355,455,0.05,0.8352709064280593,50000,193191,True,False,True,501.4791218000464
487,0,486,38.93520373373207,164,0.05,0.8049075247538162,50000,193355,True,False,False,501.8474597998429
488,0,487,211.82987750545126,734,0.05,0.8139140923692761,50000,194089,True,False,True,503.6082059000619
489,0,488,259.15782571686714,343,0.05,0.8052118611752813,50000,194432,True,False,True,504.4323587999679
490,0,489,216.10851289672763,418,0.05,0.807178530904451,50000,194850,True,False,True,505.4157415998634
491,0,490,289.1880605253982,249,0.05,0.772410187645849,50000,195099,True,False,True,505.9931091000326
492,0,491,286.1460704425624,291,0.05,0.7416587075877845,50000,195390,True,False,True,506.7185347999912
493,0,492,271.29901119393924,327,0.05,0.8089280452021036,50000,195717,True,False,True,507.52070129988715
494,0,493,231.18658236055725,409,0.05,0.7903810250675328,50000,196126,True,False,True,508.4984164000489
495,0,494,267.4490136301871,255,0.05,0.848031126956145,50000,196381,True,False,True,509.0619508998934
496,0,495,279.43859484857103,590,0.05,0.7615912002590248,50000,196971,True,False,True,510.4635101999156
497,0,496,291.1211536993256,516,0.05,0.7805740164607301,50000,197487,True,False,True,511.68829329987057
498,0,497,244.6334953892365,343,0.05,0.8079570956940901,50000,197830,True,False,True,512.5218370000366
499,0,498,76.32547301145414,116,0.05,0.7682790929001981,50000,197946,True,False,False,512.8282174998894
500,0,499,237.26304612784816,434,0.05,0.8054097454548569,50000,198380,True,False,True,513.9182306998409
501,0,500,218.67987325286694,297,0.05,0.7688060773392318,50000,198677,True,False,True,514.6337166000158
502,0,501,245.24828141953094,270,0.05,0.8217649750825432,50000,198947,True,False,True,515.2791921000462
503,0,502,250.46152659522568,316,0.05,0.8445720237597257,50000,199263,True,False,True,516.0118187000044
504,0,503,309.8822664816224,353,0.05,0.8002552565598792,50000,199616,True,False,True,516.8532626999076
505,0,504,212.5034060518113,263,0.05,0.7929507210539094,50000,199879,True,False,True,517.4914422999136
506,0,505,241.24372868343767,567,0.05,0.7936698445817045,50000,200446,True,False,True,518.8096990999766
507,0,506,306.837916784492,373,0.05,0.7939311276532051,50000,200819,True,False,True,519.7171010000166
508,0,507,62.276521813631746,123,0.05,0.7740299817083812,50000,200942,True,False,False,520.0276446999051
509,0,508,256.2005859831269,910,0.05,0.8202033397915599,50000,201852,True,False,True,522.2411747998558
510,0,509,211.67240183621874,476,0.05,0.7599424329672416,50000,202328,True,False,True,523.3228592998348
511,0,510,263.2768790822738,592,0.05,0.817621377875676,50000,202920,True,False,True,524.7355628998484
512,0,511,287.9753377105342,253,0.05,0.8285058798054933,50000,203173,True,False,True,525.3426818000153
513,0,512,262.6736923182918,333,0.05,0.7611888170510799,50000,203506,True,False,True,526.171836100053
514,0,513,254.03069910751842,271,0.05,0.787167039758275,50000,203777,True,False,True,526.8604423999786
515,0,514,49.711776725818254,136,0.05,0.8822296135784948,50000,203913,True,False,False,527.192033899948
516,0,515,12.855327671770183,160,0.05,0.7294714864343405,50000,204073,True,False,False,527.5338959998917
517,0,516,284.3348616458966,398,0.05,0.796750655800254,50000,204471,True,False,True,528.5400318000466
518,0,517,278.47278111391114,226,0.05,0.7749317864170381,50000,204697,True,False,True,529.0822600000538
519,0,518,239.1832959796425,310,0.05,0.8670780424629488,50000,205007,True,False,True,529.8035178000573
520,0,519,199.6935690891113,565,0.05,0.8000008492211325,50000,205572,True,False,False,531.1506882000249
521,0,520,300.21996678476717,356,0.05,0.801150395022182,50000,205928,True,False,True,532.0534844000358
522,0,521,201.5902480772953,465,0.05,0.7649030819054573,50000,206393,True,False,True,533.1164088000078
523,0,522,298.0709756483219,366,0.05,0.7547497246923343,50000,206759,True,False,True,533.9923906000331
524,0,523,72.80950840033083,155,0.05,0.8252887791923939,50000,206914,True,False,False,534.3724719998427
525,0,524,285.71761430638094,195,0.05,0.8382917479062691,50000,207109,True,False,True,534.8752641000319
526,0,525,298.13346333571917,235,0.05,0.7586303767054638,50000,207344,True,False,True,535.4614130000118
527,0,526,70.08317751170648,189,0.05,0.8494713791700267,50000,207533,True,False,False,535.8864457998425
528,0,527,241.08997304715376,323,0.05,0.8166563859203652,50000,207856,True,False,True,536.6942123000044
529,0,528,284.5368905404889,215,0.05,0.8304162638478501,50000,208071,True,False,True,537.267101299949
530,0,529,281.3890115827122,346,0.05,0.8194444221632846,50000,208417,True,False,True,538.0638725999743
531,0,530,255.46216904468707,360,0.05,0.7889125191606581,50000,208777,True,False,True,538.9150813999586
532,0,531,296.27816335313173,285,0.05,0.8483930110277836,50000,209062,True,False,True,539.5724653999787
533,0,532,263.24486334245057,289,0.05,0.7957783681453305,50000,209351,True,False,True,540.2959300999064
534,0,533,294.6589278203939,287,0.05,0.8608907520874868,50000,209638,True,False,True,540.9911074999254
535,0,534,210.41056525358817,501,0.05,0.8091132522982633,50000,210139,True,False,True,542.1667146999389
536,0,535,240.2189300792394,335,0.05,0.79804890847473,50000,210474,True,False,True,543.0478633998428
537,0,536,61.81827075975039,133,0.05,0.8094170418448914,50000,210607,True,False,False,543.3946112999693
538,0,537,291.05619687464315,277,0.05,0.8133986974908342,50000,210884,True,False,True,544.0014394000173
539,0,538,199.3794579460786,378,0.05,0.8171736225978565,50000,211262,True,False,False,544.9058075000066
540,0,539,262.39295897318505,261,0.05,0.8650400689392711,50000,211523,True,False,True,545.5430806998629
541,0,540,287.223715294836,277,0.05,0.7986989241859973,50000,211800,True,False,True,546.1270925998688
542,0,541,277.446376093652,318,0.05,0.8410500604073582,50000,212118,True,False,True,546.9262512000278
543,0,542,214.60509336656904,345,0.05,0.8277689583275629,50000,212463,True,False,True,547.7504863999784
544,0,543,218.96710309328085,573,0.05,0.8538293483330629,50000,213036,True,False,True,549.1861481999513
545,0,544,274.0480501157441,269,0.05,0.8513484966826926,50000,213305,True,False,True,549.8145879998337
546,0,545,298.21263377752075,360,0.05,0.7797724415444666,50000,213665,True,False,True,550.69296939997
547,0,546,258.5201815204921,512,0.05,0.8316031185167958,50000,214177,True,False,True,551.8836809999775
548,0,547,260.5499714482828,203,0.05,0.8008581674818335,50000,214380,True,False,True,552.353964400012
549,0,548,318.57164708561834,212,0.05,0.8107531620716711,50000,214592,True,False,True,552.8695977998432
550,0,549,255.30816937723878,350,0.05,0.8420497553795576,50000,214942,True,False,True,553.6702972999774
551,0,550,292.91147019566466,271,0.05,0.8806368741464571,50000,215213,True,False,True,554.2632070998661
552,0,551,272.55573408112593,223,0.05,0.8407328789009642,50000,215436,True,False,True,554.8245441999752
553,0,552,244.32536458932506,376,0.05,0.8235011892690463,50000,215812,True,False,True,555.7435212999117
554,0,553,277.104994220192,270,0.05,0.8629567992632036,50000,216082,True,False,True,556.3475321000442
555,0,554,230.26952670505344,257,0.05,0.8092594105561883,50000,216339,True,False,True,557.0071584000252
556,0,555,283.264597644319,663,0.05,0.8911611633052203,50000,217002,True,False,True,558.6093156998977
557,0,556,24.78247027416772,150,0.05,0.8351777421931426,50000,217152,True,False,False,558.9814259998966
558,0,557,301.4806241274879,265,0.05,0.8814577350357793,50000,217417,True,False,True,559.6259000999853
559,0,558,290.41512215749304,203,0.05,0.8453273745850095,50000,217620,True,False,True,560.1310388999991
560,0,559,281.36236089645286,241,0.05,0.8388145289913252,50000,217861,True,False,True,560.6643252999056
561,0,560,261.43052889431624,242,0.05,0.8498786085185187,50000,218103,True,False,True,561.2426570998505
562,0,561,237.60989692292367,380,0.05,0.8276859688523569,50000,218483,True,False,True,562.1807987999637
563,0,562,301.6194774204357,171,0.05,0.8275634457536957,50000,218654,True,False,True,562.5683323999401
564,0,563,13.749913756581279,111,0.05,0.7643803314784089,50000,218765,True,False,False,562.853690299904
565,0,564,285.31047277489694,237,0.05,0.8652743453214943,50000,219002,True,False,True,563.4355364998337
566,0,565,268.2035978824057,330,0.05,0.9122331207223011,50000,219332,True,False,True,564.2250667999033
567,0,566,180.91091328166692,755,0.05,0.8539325990177543,50000,220087,True,False,False,566.0209679999389
568,0,567,258.41234113908735,246,0.05,0.8663911084546064,50000,220333,True,False,True,566.673346000025
569,0,568,19.882735746946267,134,0.05,0.7629772155587353,50000,220467,True,False,False,566.9901749999262
570,0,569,294.7072740914067,227,0.05,0.8733338317813327,50000,220694,True,False,True,567.5269706998952
571,0,570,272.88811465791207,260,0.05,0.8234846907739456,50000,220954,True,False,True,568.1562232000288
572,0,571,317.0642732999969,166,0.05,0.896946992859783,50000,221120,True,False,True,568.5539820999838
573,0,572,267.0450137252225,390,0.05,0.8414849140800726,50000,221510,True,False,True,569.517010799842
574,0,573,276.60121919513927,248,0.05,0.8621370590952856,50000,221758,True,False,True,570.100237299921
575,0,574,270.3418044751277,270,0.05,0.8104070174197356,50000,222028,True,False,True,570.7420065000188
576,0,575,269.35426073624046,348,0.05,0.8537339088025278,50000,222376,True,False,True,571.5566398999654
577,0,576,248.35759158272512,250,0.05,0.924857926607132,50000,222626,True,False,True,572.1723423998337
578,0,577,229.2599108215695,305,0.05,0.8829536004633199,50000,222931,True,False,True,572.8997780999634
579,0,578,293.7733787855761,203,0.05,0.8316731629847306,50000,223134,True,False,True,573.4064954998903
580,0,579,292.7114410877553,313,0.05,0.8262318025429409,50000,223447,True,False,True,574.1567861000076
581,0,580,271.34087776126097,213,0.05,0.9152438337149474,50000,223660,True,False,True,574.6625256999396
582,0,581,251.27444575298273,403,0.05,0.8762203833508876,50000,224063,True,False,True,575.6078997000586
583,0,582,298.2181263259894,244,0.05,0.8085723283135744,50000,224307,True,False,True,576.2011899999343
584,0,583,202.2409881050898,462,0.05,0.8645952377565108,50000,224769,True,False,True,577.255743799964
585,0,584,236.16556550250124,300,0.05,0.8305302080263695,50000,225069,True,False,True,577.966847699834
586,0,585,229.6251805287028,514,0.05,0.8877424552514859,50000,225583,True,False,True,579.1691678999923
587,0,586,295.99382793801635,206,0.05,0.8949065896347889,50000,225789,True,False,True,579.625049599912
588,0,587,274.24994051375427,207,0.05,0.9189177820647972,50000,225996,True,False,True,580.1109734000638
589,0,588,299.79845899475015,243,0.05,0.8128148015327905,50000,226239,True,False,True,580.6971982000396
590,0,589,256.0054617168539,286,0.05,0.954534438992297,50000,226525,True,False,True,581.3708420000039
591,0,590,264.1298407260107,227,0.05,0.8673140649655054,50000,226752,True,False,True,581.9053654999007
592,0,591,212.61642538292372,276,0.05,0.8631011260727394,50000,227028,True,False,True,582.5516490999144
593,0,592,268.89757935923865,413,0.05,0.8944689305476646,50000,227441,True,False,True,583.4700293999631
594,0,593,298.32040274161227,328,0.05,0.8871459797615322,50000,227769,True,False,True,584.2363596998621
595,0,594,269.5721456233971,254,0.05,0.8860216098067564,50000,228023,True,False,True,584.857674999861
596,0,595,292.5830601149559,305,0.05,0.8148809776931513,50000,228328,True,False,True,585.5973795000464
597,0,596,304.7874728668613,208,0.05,0.8626250735698984,50000,228536,True,False,True,586.0610960999038
598,0,597,282.39586296202305,208,0.05,0.8131045815893091,50000,228744,True,False,True,586.5535074998625
599,0,598,243.99518063000676,343,0.05,0.9061452964261044,50000,229087,True,False,True,587.3201839998364
600,0,599,242.5741606751365,344,0.05,0.8960079080858376,50000,229431,True,False,True,588.1242593000643
601,0,600,293.9100657742182,269,0.05,0.8225031255235459,50000,229700,True,False,True,588.8116957000457
602,0,601,282.35364284596255,311,0.05,0.8750493216337307,50000,230011,True,False,True,589.5292628998868
603,0,602,215.8584767844805,293,0.05,0.8491075093581408,50000,230304,True,False,True,590.2342000000644
604,0,603,271.74795084713463,222,0.05,0.9322668702954108,50000,230526,True,False,True,590.7207690000068
605,0,604,265.00050755979146,252,0.05,0.9049919423395916,50000,230778,True,False,True,591.3353285000194
606,0,605,268.66756884497624,232,0.05,0.8575582862028788,50000,231010,True,False,True,591.8940967998933
607,0,606,200.1093514756866,484,0.05,0.8883089814642983,50000,231494,True,False,True,593.0769173000008
608,0,607,269.11146798520326,239,0.05,0.8705768061170518,50000,231733,True,False,True,593.6569378999993
609,0,608,287.08943123993856,222,0.05,0.8197212100096114,50000,231955,True,False,True,594.16178269987
610,0,609,210.29631344059825,510,0.05,0.918457548283771,50000,232465,True,False,True,595.3491974000353
611,0,610,254.56032931570164,267,0.05,0.9275380147530345,50000,232732,True,False,True,595.940350699937
612,0,611,275.26335746994994,238,0.05,0.8972375518290185,50000,232970,True,False,True,596.4922906998545
613,0,612,312.48980501456236,189,0.05,0.9089249601124456,50000,233159,True,False,True,596.9160899999551
614,0,613,277.73536480679866,302,0.05,0.9127282117499619,50000,233461,True,False,True,597.5962692999747
615,0,614,291.6849670442476,278,0.05,0.8767202619543607,50000,233739,True,False,True,598.2871187999845
616,0,615,244.34700014428515,316,0.05,0.8443464573142649,50000,234055,True,False,True,599.0732716999482
617,0,616,226.28883508738443,425,0.05,0.861216259870459,50000,234480,True,False,True,600.0786992998328
618,0,617,308.30684968590134,196,0.05,0.8596348846331239,50000,234676,True,False,True,600.5509488000534
619,0,618,278.33660754092784,206,0.05,0.8692995305670407,50000,234882,True,False,True,601.0179327998776
620,0,619,268.0282882462163,232,0.05,0.9199101181283337,50000,235114,True,False,True,601.6089154998772
621,0,620,272.8483519816672,269,0.05,0.8798768050331609,50000,235383,True,False,True,602.2500444999896
622,0,621,298.60216648469753,230,0.05,0.8533779828768709,50000,235613,True,False,True,602.8448399999179
623,0,622,137.31447947265804,1000,0.05,0.8746671788282693,50000,236613,False,True,False,605.2502377000637
624,0,623,295.3745544488935,197,0.05,0.8148442942668036,50000,236810,True,False,True,605.7194302999415
625,0,624,271.9768156312733,367,0.05,0.8714243825372786,50000,237177,True,False,True,606.6246871999465
626,0,625,292.5937834765941,181,0.05,0.8393178156561615,50000,237358,True,False,True,607.090303799836
627,0,626,289.816209597308,288,0.05,0.8865879049602275,50000,237646,True,False,True,607.8291962998919
628,0,627,278.85734696127565,267,0.05,0.8658344245582038,50000,237913,True,False,True,608.4661226000171
629,0,628,299.6967021284488,229,0.05,0.8706381237988389,50000,238142,True,False,True,609.0227918999735
630,0,629,244.7588489775189,273,0.05,0.9226282363545982,50000,238415,True,False,True,609.6672590000089
631,0,630,305.44990138627105,182,0.05,0.839031463018158,50000,238597,True,False,True,610.1034843998495
632,0,631,268.44634326668233,245,0.05,0.8889461826305001,50000,238842,True,False,True,610.6908747998532
633,0,632,275.54401816870086,340,0.05,0.8258021281593863,50000,239182,True,False,True,611.5311914999038
634,0,633,304.83891844568404,265,0.05,0.77374505636827,50000,239447,True,False,True,612.1862277998589
635,0,634,267.98004811018376,192,0.05,0.9000242323381826,50000,239639,True,False,True,612.6872819999699
636,0,635,279.6280251912218,208,0.05,0.8683496337706367,50000,239847,True,False,True,613.1748118000105
637,0,636,290.9452030740638,218,0.05,0.8450682305072973,50000,240065,True,False,True,613.6730263000354
638,0,637,263.06392884561524,442,0.05,0.8468854157801937,50000,240507,True,False,True,614.7314466000535
639,0,638,252.9876952248942,205,0.05,0.8232386469295839,50000,240712,True,False,True,615.1816070000641
640,0,639,204.50587050062006,716,0.05,0.8771731752860646,50000,241428,True,False,True,616.8768040998839
641,0,640,301.5072875534522,198,0.05,0.7782931198375393,50000,241626,True,False,True,617.3891783000436
642,0,641,188.30285587988098,593,0.05,0.8167763933175028,50000,242219,True,False,False,618.7564113000408
643,0,642,252.45144510555164,622,0.05,0.8723657564454715,50000,242841,True,False,True,620.3335467998404
644,0,643,272.8595974230555,204,0.05,0.899854761603124,50000,243045,True,False,True,620.8418478998356
645,0,644,222.073666541326,514,0.05,0.8460301155521596,50000,243559,True,False,True,622.1599951998796
646,0,645,251.59690379781267,320,0.05,0.7852419111761264,50000,243879,True,False,True,623.018229899928
647,0,646,185.54721459423627,571,0.05,0.8369138840709905,50000,244450,True,False,False,624.4725083999801
648,0,647,219.1226446783363,465,0.05,0.8087087829026484,50000,244915,True,False,True,625.5868369999807
649,0,648,297.54315539019956,203,0.05,0.7869251397222721,50000,245118,True,False,True,626.0939157998655
650,0,649,280.73471271485306,330,0.05,0.8789675326848572,50000,245448,True,False,True,626.9562431999948
651,0,650,275.11599869925783,272,0.05,0.8455178103108397,50000,245720,True,False,True,627.6294984000269
652,0,651,284.33109490576425,245,0.05,0.8082749389720206,50000,245965,True,False,True,628.2655805000104
653,0,652,240.01272378989478,286,0.05,0.8579733456009543,50000,246251,True,False,True,628.9673212999478
654,0,653,64.33925296720449,149,0.05,0.8703471415944948,50000,246400,True,False,False,629.3035199998412
655,0,654,285.18577135152947,231,0.05,0.8642359360471948,50000,246631,True,False,True,629.9078359999694
656,0,655,242.4438466321105,795,0.05,0.8425429477912825,50000,247426,True,False,True,631.8168575998861
657,0,656,205.9416221781237,476,0.05,0.8602914512705278,50000,247902,True,False,True,633.0382323998492
658,0,657,263.8537188402802,291,0.05,0.8276563641259965,50000,248193,True,False,True,633.7422633999959
659,0,658,282.56084843144316,175,0.05,0.8235738186112472,50000,248368,True,False,True,634.1320980999153
660,0,659,311.794583195561,313,0.05,0.7661778282005185,50000,248681,True,False,True,634.9283292000182
661,0,660,265.60367722291807,227,0.05,0.8253905238493424,50000,248908,True,False,True,635.4401751998812
662,0,661,289.3938963675495,216,0.05,0.8215499000830783,50000,249124,True,False,True,636.0114447998349
663,0,662,250.26180677435315,233,0.05,0.775372800013538,50000,249357,True,False,True,636.5528378000017
664,0,663,258.90184954206234,188,0.05,0.7999089939440501,50000,249545,True,False,True,636.9971626000479
665,0,664,274.6790222243094,203,0.05,0.755212288661837,50000,249748,True,False,True,637.5183625000063
666,0,665,282.01361165474555,547,0.05,0.7674595068261654,50000,250295,True,False,True,638.8552913998719
667,0,666,237.55042918117658,337,0.05,0.8438796409314571,50000,250632,True,False,True,639.7759250998497
668,0,667,262.2304204606463,261,0.05,0.8370313905893157,50000,250893,True,False,True,640.3873578000348
669,0,668,43.45121096626505,116,0.05,0.743961438311842,50000,251009,True,False,False,640.6746292999014
670,0,669,285.40751529158024,311,0.05,0.774541946050151,50000,251320,True,False,True,641.4201461998746
671,0,670,222.87147320443404,376,0.05,0.8687072213778787,50000,251696,True,False,True,642.3747282999102
672,0,671,254.07572866491705,349,0.05,0.8825334728319187,50000,252045,True,False,True,643.1841958998702
673,0,672,58.69096464406002,164,0.05,0.7970005252693848,50000,252209,True,False,False,643.6407041999046
674,0,673,248.94070963679664,216,0.05,0.7798868306326093,50000,252425,True,False,True,644.1968179000542
675,0,674,277.7596873824659,244,0.05,0.8162981905806505,50000,252669,True,False,True,644.7554595998954
676,0,675,301.1599002791877,215,0.05,0.8223506071886351,50000,252884,True,False,True,645.2959384999704
677,0,676,285.3786194958679,175,0.05,0.7919585131960256,50000,253059,True,False,True,645.7282769999001
678,0,677,298.0226435561509,230,0.05,0.8162805748698504,50000,253289,True,False,True,646.3547837999649
679,0,678,244.36143747081488,240,0.05,0.7780196514135848,50000,253529,True,False,True,646.9582692000549
680,0,679,265.59120451091457,318,0.05,0.7891093536203949,50000,253847,True,False,True,647.7288804999553
681,0,680,293.64664817989745,263,0.05,0.8582174370044084,50000,254110,True,False,True,648.3623559998814
682,0,681,86.9080547662785,169,0.05,0.7584662276083196,50000,254279,True,False,False,648.7649170998484
683,0,682,248.92350956742604,447,0.05,0.7721836157726495,50000,254726,True,False,True,649.9218087999616
684,0,683,288.3530616403781,318,0.05,0.8020882836115435,50000,255044,True,False,True,650.7901359000243
685,0,684,284.75253419234826,258,0.05,0.7898661326617002,50000,255302,True,False,True,651.4253958000336
686,0,685,269.1064155449246,223,0.05,0.7136626620129619,50000,255525,True,False,True,651.9489559000358
687,0,686,297.10479085319344,641,0.05,0.7918670357796312,50000,256166,True,False,True,653.5592374999542
688,0,687,267.8936658929978,338,0.05,0.8157003666191588,50000,256504,True,False,True,654.358580299886
689,0,688,288.87426482310593,204,0.05,0.7902771485421587,50000,256708,True,False,True,654.9053710999433
690,0,689,258.9850110809484,264,0.05,0.8634344435466285,50000,256972,True,False,True,655.5833894000389
691,0,690,297.74355139288036,294,0.05,0.8052794885549213,50000,257266,True,False,True,656.292186500039
692,0,691,311.64264516355263,216,0.05,0.8059274418003581,50000,257482,True,False,True,656.7979271998629
693,0,692,296.8664515581182,271,0.05,0.7727999762662883,50000,257753,True,False,True,657.4681462999433
694,0,693,240.36978604330199,300,0.05,0.8104024882117907,50000,258053,True,False,True,658.2002526998986
695,0,694,309.4069915748752,236,0.05,0.7813616277870991,50000,258289,True,False,True,658.7817813998554
696,0,695,270.1388007110904,238,0.05,0.8008133151231944,50000,258527,True,False,True,659.3708929999266
697,0,696,275.2745300766844,205,0.05,0.827001620665556,50000,258732,True,False,True,659.925332600018
698,0,697,314.5507805316847,389,0.05,0.802237552521238,50000,259121,True,False,True,660.8752522000577
699,0,698,290.78347508870456,239,0.05,0.8193612701286831,50000,259360,True,False,True,661.4670684000012
700,0,699,217.82232674603097,466,0.05,0.8161150077957452,50000,259826,True,False,True,662.5985638999846
701,0,700,244.19917712001998,295,0.05,0.8059163247250904,50000,260121,True,False,True,663.3338321999181
702,0,701,227.95014012492342,409,0.05,0.786731737977791,50000,260530,True,False,True,664.296910099918
703,0,702,314.1044488013688,189,0.05,0.756841290485922,50000,260719,True,False,True,664.7621311999392
704,0,703,289.56502591796783,189,0.05,0.8261035406794498,50000,260908,True,False,True,665.2209437000565
705,0,704,228.10783641712445,330,0.05,0.7854655359617688,50000,261238,True,False,True,666.03968539997
706,0,705,300.71984107646983,395,0.05,0.7836931130837036,50000,261633,True,False,True,666.9917710998561
707,0,706,295.49293982914025,266,0.05,0.7944210724470983,50000,261899,True,False,True,667.6169135998935
708,0,707,14.376303732216357,109,0.05,0.8651980732764126,50000,262008,True,False,False,667.8805577999447
709,0,708,299.1565544194923,191,0.05,0.700346387942268,50000,262199,True,False,True,668.3250893999357
710,0,709,264.7323158917925,396,0.05,0.8055306466936012,50000,262595,True,False,True,669.2672252999619
711,0,710,211.28287452264027,318,0.05,0.7818217768609149,50000,262913,True,False,True,670.0434524999
712,0,711,215.37436052132244,292,0.05,0.7706861556826593,50000,263205,True,False,True,670.726827000035
713,0,712,238.7735586281163,423,0.05,0.7446162672295075,50000,263628,True,False,True,671.7412739000283
714,0,713,247.0974506133652,313,0.05,0.7173520327090456,50000,263941,True,False,True,672.5384533999022
715,0,714,280.67367800329043,345,0.05,0.7612332494902438,50000,264286,True,False,True,673.3827652998734
716,0,715,284.7348303384284,257,0.05,0.7742334271451379,50000,264543,True,False,True,674.0034203999676
717,0,716,276.60959587546546,242,0.05,0.8090360696188921,50000,264785,True,False,True,674.5926297998521
718,0,717,254.12596005329462,219,0.05,0.7847624463645835,50000,265004,True,False,True,675.1218284999486
719,0,718,274.2663794319577,297,0.05,0.7449118479810379,50000,265301,True,False,True,675.8580085998401
720,0,719,281.84925798921165,360,0.05,0.7761377531724671,50000,265661,True,False,True,676.6960330998991
721,0,720,240.99842847560205,246,0.05,0.7518783205499252,50000,265907,True,False,True,677.3016087999567
722,0,721,278.3848406195224,180,0.05,0.7078737131009499,50000,266087,True,False,True,677.7217041999102
723,0,722,319.97094562664824,186,0.05,0.7395663523585886,50000,266273,True,False,True,678.1656253999099
724,0,723,254.6128903008848,258,0.05,0.8104256756545961,50000,266531,True,False,True,678.7472222999204
725,0,724,70.14288773205948,94,0.05,0.7457043150875796,50000,266625,True,False,False,678.9885315999854
726,0,725,309.55495183256346,176,0.05,0.6999756717123091,50000,266801,True,False,True,679.4329454998951
727,0,726,249.85542941291928,235,0.05,0.7735403458013179,50000,267036,True,False,True,680.0025110000279
728,0,727,276.6977268019674,231,0.05,0.8660812352610615,50000,267267,True,False,True,680.5902169998735
729,0,728,294.00471396352134,211,0.05,0.7522843728874814,50000,267478,True,False,True,681.137625399977
730,0,729,257.97255021896444,426,0.05,0.7659035071450779,50000,267904,True,False,True,682.2517587000038
731,0,730,272.8849241714339,220,0.05,0.7672322475266727,50000,268124,True,False,True,682.8369903999846
732,0,731,265.5823525499638,303,0.05,0.7605392595525622,50000,268427,True,False,True,683.6014310999308
733,0,732,315.04158355441416,166,0.05,0.7371873475207262,50000,268593,True,False,True,684.0234586999286
734,0,733,233.7949867028617,222,0.05,0.7704922684073985,50000,268815,True,False,True,684.6013619999867
735,0,734,213.261066305599,382,0.05,0.7761848593198972,50000,269197,True,False,True,685.5526838998776
736,0,735,289.06496460088476,249,0.05,0.7666781690704775,50000,269446,True,False,True,686.1736683999188
737,0,736,301.4061090850514,261,0.05,0.6813460323973862,50000,269707,True,False,True,686.8578653000295
738,0,737,242.73587544216275,273,0.05,0.7485337479128724,50000,269980,True,False,True,687.475954100024
739,0,738,269.3029967139572,242,0.05,0.8099512298983976,50000,270222,True,False,True,688.0667719999328
740,0,739,235.56154426271155,378,0.05,0.8040681573557397,50000,270600,True,False,True,688.991864599986
741,0,740,315.7124622675734,190,0.05,0.807632701373414,50000,270790,True,False,True,689.4561216000002
742,0,741,243.43521961202342,354,0.05,0.7954014283368143,50000,271144,True,False,True,690.374931300059
743,0,742,311.3194071451387,244,0.05,0.7873452056168777,50000,271388,True,False,True,690.9631831999868
744,0,743,256.48584002289203,249,0.05,0.7673639785872406,50000,271637,True,False,True,691.5429046000354
745,0,744,304.538821249524,197,0.05,0.7269379311444493,50000,271834,True,False,True,692.0509718998801
746,0,745,253.3270203474901,229,0.05,0.7502828452850013,50000,272063,True,False,True,692.5971677000634
747,0,746,282.1412238075603,371,0.05,0.8329019240151357,50000,272434,True,False,True,693.5284535000101
748,0,747,282.05769554970584,278,0.05,0.8010684054197489,50000,272712,True,False,True,694.2105817999691
749,0,748,284.6314532183633,209,0.05,0.7426824595903951,50000,272921,True,False,True,694.6919255999383
750,0,749,288.6005998655167,232,0.05,0.6908098051950721,50000,273153,True,False,True,695.3138367999345
751,0,750,228.43432397236577,315,0.05,0.7883804280133474,50000,273468,True,False,True,696.0985665000044
752,0,751,261.03960077784956,250,0.05,0.7772092540562153,50000,273718,True,False,True,696.6451113999356
753,0,752,276.68309252607037,187,0.05,0.8065559575782422,50000,273905,True,False,True,697.0743563999422
754,0,753,258.0322899824768,338,0.05,0.7792506565576827,50000,274243,True,False,True,697.8981756998692
755,0,754,273.0258651386093,198,0.05,0.7486739697480442,50000,274441,True,False,True,698.3816453998443
756,0,755,288.0569138926402,256,0.05,0.7796475750510581,50000,274697,True,False,True,699.0121933999471
757,0,756,274.70196679255656,265,0.05,0.748302769696094,50000,274962,True,False,True,699.709347799886
758,0,757,231.07423429219006,223,0.05,0.7564635589685408,50000,275185,True,False,True,700.2601179999765
759,0,758,305.1705267139914,202,0.05,0.728534828557974,50000,275387,True,False,True,700.7185581000522
760,0,759,228.3537661550951,317,0.05,0.7449835554493902,50000,275704,True,False,True,701.4840768000577
761,0,760,274.5604358417561,241,0.05,0.8021513469424485,50000,275945,True,False,True,702.0994907999411
762,0,761,237.71603299906437,277,0.05,0.768653176308001,50000,276222,True,False,True,702.7652990999632
763,0,762,246.65244605717027,278,0.05,0.8056110588887291,50000,276500,True,False,True,703.4081973999273
764,0,763,257.40947500625856,336,0.05,0.7612593232742733,50000,276836,True,False,True,704.1965419999324
765,0,764,280.0514417509394,202,0.05,0.7870264413702016,50000,277038,True,False,True,704.6705471000168
766,0,765,234.9423534014747,283,0.05,0.7650487091484424,50000,277321,True,False,True,705.3646567999385
767,0,766,253.41793557025767,359,0.05,0.7233182237455025,50000,277680,True,False,True,706.2424731999636
768,0,767,214.60484593032695,351,0.05,0.770596401442235,50000,278031,True,False,True,707.095540399896
769,0,768,288.0991392186525,187,0.05,0.7282292655803622,50000,278218,True,False,True,707.5493745000567
770,0,769,274.8279081356569,267,0.05,0.7097529267634122,50000,278485,True,False,True,708.2291043999139
771,0,770,273.6653084496958,244,0.05,0.8415208773412666,50000,278729,True,False,True,708.8432723998558
772,0,771,297.1267017033038,202,0.05,0.7304293764109658,50000,278931,True,False,True,709.3848172998987
773,0,772,280.2341365139422,556,0.05,0.7959273895751283,50000,279487,True,False,True,710.789733499987
774,0,773,297.27372555754835,244,0.05,0.6985711989710566,50000,279731,True,False,True,711.3679207998794
775,0,774,290.4725442944986,199,0.05,0.756984107542652,50000,279930,True,False,True,711.8710179000627
776,0,775,274.0158000064006,233,0.05,0.841053991390656,50000,280163,True,False,True,712.4303031000309
777,0,776,229.34362626380025,281,0.05,0.8043184526516556,50000,280444,True,False,True,713.0835173998494
778,0,777,264.93197663906216,231,0.05,0.8190889462699622,50000,280675,True,False,True,713.6457010000013
779,0,778,267.18014445373717,386,0.05,0.7235205357247684,50000,281061,True,False,True,714.6414737999439
780,0,779,299.21719653809294,219,0.05,0.7867498650262345,50000,281280,True,False,True,715.2134420999791
781,0,780,280.0448160912822,219,0.05,0.7112427811440267,50000,281499,True,False,True,715.7246264000423
782,0,781,230.27557694503784,380,0.05,0.7867445361359339,50000,281879,True,False,True,716.7145742999855
783,0,782,255.25098304707183,259,0.05,0.7225098019487379,50000,282138,True,False,True,717.3721086999867
784,0,783,271.09538857030736,210,0.05,0.6873376259314162,50000,282348,True,False,True,717.8710103998892
785,0,784,253.21641042445276,370,0.05,0.7529182077964416,50000,282718,True,False,True,718.7703778999858
786,0,785,287.0823235992208,212,0.05,0.7391329468315784,50000,282930,True,False,True,719.322555199964
787,0,786,242.80769145963032,262,0.05,0.7572476002067783,50000,283192,True,False,True,719.9936150999274
788,0,787,235.0559952527737,279,0.05,0.7519752342440855,50000,283471,True,False,True,720.7043069999199
789,0,788,258.4905050168915,229,0.05,0.7487802761220516,50000,283700,True,False,True,721.2797757999506
790,0,789,270.7840285967152,211,0.05,0.7991109514935604,50000,283911,True,False,True,721.7740714999381
791,0,790,296.42564271886624,202,0.05,0.7359292963888533,50000,284113,True,False,True,722.2597650999669
792,0,791,290.57380231618515,345,0.05,0.7655864006475263,50000,284458,True,False,True,723.1904539000243
793,0,792,281.920348048342,352,0.05,0.7116222678080455,50000,284810,True,False,True,724.0284652998671
794,0,793,297.1160408214587,189,0.05,0.7623406467298982,50000,284999,True,False,True,724.467150399927
795,0,794,245.54721483469737,238,0.05,0.7023351179169757,50000,285237,True,False,True,725.0460957000032
796,0,795,269.05296706739716,259,0.05,0.6944017259396872,50000,285496,True,False,True,725.6695568000432
797,0,796,241.01361200360242,256,0.05,0.7420329560554819,50000,285752,True,False,True,726.2603724999353
798,0,797,286.6310340707578,238,0.05,0.6601621393396073,50000,285990,True,False,True,726.8669924000278
799,0,798,234.03273908639648,374,0.05,0.8091826887781368,50000,286364,True,False,True,727.7781117998529
800,0,799,272.46673352840986,196,0.05,0.7885065622893828,50000,286560,True,False,True,728.2579119000584
